positives,all_docs,limited_docs,recall
0,1,1,0.00000
0,3,3,0.00000
0,6,6,0.00000
0,10,10,0.00000
0,15,15,0.00000
0,21,21,0.00000
0,28,28,0.00000
0,36,36,0.00000
0,45,45,0.00000
0,55,55,0.00000
0,66,66,0.00000
0,79,79,0.00000
0,94,94,0.00000
0,111,111,0.00000
0,130,130,0.00000
1,151,151,0.01042
1,175,175,0.01042
13,202,202,0.13542
14,232,232,0.14583
34,265,262,0.35417
46,302,292,0.47917
62,343,322,0.64583
66,389,352,0.68750
71,440,382,0.73958
78,497,412,0.81250
84,560,442,0.87500
85,630,472,0.88542
88,707,502,0.91667
90,792,532,0.93750
91,886,562,0.94792
91,990,592,0.94792
93,1105,622,0.96875
94,1232,652,0.97917
94,1372,682,0.97917
94,1526,712,0.97917
95,1696,742,0.98958
95,1883,772,0.98958
95,2089,802,0.98958
95,2316,832,0.98958
95,2566,862,0.98958
96,2841,892,1.00000
96,3144,922,1.00000
96,3478,952,1.00000
96,3846,982,1.00000
96,4251,1012,1.00000
96,4697,1042,1.00000
96,5188,1072,1.00000
96,5729,1102,1.00000
96,6325,1132,1.00000
96,6981,1162,1.00000
96,7703,1192,1.00000
96,8498,1222,1.00000
96,9373,1252,1.00000
96,10336,1282,1.00000
96,11396,1312,1.00000
96,12562,1342,1.00000
96,13845,1372,1.00000
96,15257,1402,1.00000
96,16811,1432,1.00000
96,18521,1462,1.00000
96,20402,1492,1.00000
96,22472,1522,1.00000
96,24749,1552,1.00000
96,27254,1582,1.00000
96,30010,1612,1.00000
96,33042,1642,1.00000
96,36378,1672,1.00000
96,40048,1702,1.00000
96,44085,1732,1.00000
96,48526,1762,1.00000
96,53412,1792,1.00000
96,58787,1822,1.00000
96,64700,1852,1.00000
96,71205,1882,1.00000
96,78361,1912,1.00000
96,86233,1942,1.00000
96,94893,1972,1.00000
96,104419,2002,1.00000
96,114898,2032,1.00000
96,126425,2062,1.00000
